First Name,Last Name,Phone Number,E-mail
Tijuana  ,Aurelia  ,    (281) 850-2241,Tijuana  .Aurelia  56@email.com
Tim  ,Hye  ,    (967) 631-7392,Tim  .Hye  25@email.com
Mayme  ,Kerstin  ,    (400) 568-5993,Mayme  .Kerstin  64@email.com
Rory  ,Palma  ,    (726) 654-8370,Rory  .Palma  57@email.com
Arcelia  ,Sachiko  ,    (780) 211-3661,Arcelia  .Sachiko  22@email.com
Eboni  ,Marion  ,    (441) 362-9205,Eboni  .Marion  92@email.com
Jodie  ,Blondell  ,    (256) 994-5724,Jodie  .Blondell  11@email.com
Leonie  ,Merissa  ,    (453) 372-3052,Leonie  .Merissa  21@email.com
Kurtis  ,Elnora  ,    (659) 302-6962,Kurtis  .Elnora  23@email.com
Shemeka  ,Adelia  ,    (989) 969-4930,Shemeka  .Adelia  91@email.com
Niki  ,Chelsey  ,    (409) 420-8107,Niki  .Chelsey  12@email.com
Kellee  ,Delisa  ,    (592) 953-2176,Kellee  .Delisa  49@email.com
Elizbeth  ,Desire  ,    (275) 958-8088,Elizbeth  .Desire  25@email.com
Aida  ,Pandora  ,    (542) 888-8684,Aida  .Pandora  65@email.com
Dagmar  ,Blaine  ,    (302) 757-4681,Dagmar  .Blaine  77@email.com
Jacquelynn  ,Golda  ,    (727) 774-6304,Jacquelynn  .Golda  77@email.com
Marcelina  ,Fredric  ,    (288) 329-3288,Marcelina  .Fredric  12@email.com
Tennille  ,Lois  ,    (942) 206-9077,Tennille  .Lois  29@email.com
Cherish  ,Lakita  ,    (268) 348-7164,Cherish  .Lakita  55@email.com
Sherie  ,Ann  ,    (660) 659-5040,Sherie  .Ann  72@email.com
Kimberley  ,Celena  ,    (909) 816-2586,Kimberley  .Celena  27@email.com
Tressa  ,Margo  ,    (841) 810-2224,Tressa  .Margo  59@email.com
Beverley  ,Irving  ,    (739) 482-8975,Beverley  .Irving  73@email.com
Mozell  ,Ettie  ,    (396) 319-4833,Mozell  .Ettie  7@email.com
Maxie  ,Ferdinand  ,    (777) 515-2407,Maxie  .Ferdinand  36@email.com
Nell  ,Carmina  ,    (726) 698-7770,Nell  .Carmina  52@email.com
Isa  ,Altha  ,    (594) 968-0383,Isa  .Altha  17@email.com
Cecil  ,Anh  ,    (318) 485-8883,Cecil  .Anh  59@email.com
Ara  ,Corie  ,    (324) 794-0553,Ara  .Corie  56@email.com
Mercedez  ,Nancey  ,    (833) 509-5159,Mercedez  .Nancey  72@email.com
Pok  ,Cuc  ,    (824) 942-5646,Pok  .Cuc  48@email.com
Ofelia  ,Lyn  ,    (807) 962-4787,Ofelia  .Lyn  43@email.com
Caroll  ,Mana  ,    (695) 629-1247,Caroll  .Mana  11@email.com
Maile  ,Miss  ,    (448) 410-2830,Maile  .Miss  39@email.com
Nicky  ,Alleen  ,    (684) 930-8263,Nicky  .Alleen  80@email.com
Brendon  ,Paulina  ,    (695) 860-5421,Brendon  .Paulina  7@email.com
Joey  ,Sudie  ,    (773) 479-0945,Joey  .Sudie  25@email.com
Antoinette  ,Deon  ,    (749) 572-7583,Antoinette  .Deon  44@email.com
Reyes  ,Barry  ,    (277) 916-0826,Reyes  .Barry  75@email.com
Jamey  ,Monnie  ,    (608) 847-3522,Jamey  .Monnie  24@email.com
Mindy  ,Brittany  ,    (206) 837-3336,Mindy  .Brittany  99@email.com
Melonie  ,Vina  ,    (708) 843-7048,Melonie  .Vina  61@email.com
Yun  ,Alfred  ,    (513) 701-1299,Yun  .Alfred  92@email.com
Angelo  ,Irene  ,    (430) 591-0202,Angelo  .Irene  53@email.com
Manie  ,Esperanza  ,    (960) 830-7370,Manie  .Esperanza  28@email.com
Ali  ,Booker  ,    (263) 484-8054,Ali  .Booker  85@email.com
Edith  ,Halina  ,    (204) 585-0769,Edith  .Halina  10@email.com
Franklin  ,Bella  ,    (507) 514-0186,Franklin  .Bella  30@email.com
Lorina  ,Soo  ,    (701) 882-9585,Lorina  .Soo  100@email.com
Jocelyn  ,Samual  ,    (652) 610-7719,Jocelyn  .Samual  5@email.com
